scenario,mean_profit,cvar
borrow_8,395.81450083594996,-226.91
borrow_12,334.07360276514567,-149.62
borrow_16,339.3172520728771,-158.38
