scenario,mean_profit,cvar
shock_5,357.93944123191164,-188.53
shock_10,336.54566695252515,-160.60
shock_20,300.84308210164954,-114.62
