scenario,mean_profit,cvar
vol_10,335.1022913109731,-210.09
vol_18,335.4195644426547,-161.45
vol_28,336.9566054531268,-116.95
